Index	Label
meme - meme_tmplimage59.jpg	meme
meme - meme_tmplimage9.jpg	meme
meme - meme_tmplimage71.jpg	meme
meme - meme_tmplimage65.jpg	meme
meme - meme_tmplimage70.jpg	meme
meme - meme_tmplimage58.jpg	meme
meme - meme_tmplimage8.jpg	meme
meme - meme_tmplimage66.jpg	meme
meme - meme_tmplimage72.jpg	meme
meme - meme_tmplimage73.jpg	meme
meme - meme_tmplimage67.jpg	meme
meme - meme_tmplimage63.jpg	meme
meme - meme_tmplimage62.jpg	meme
meme - meme_tmplimage74.jpg	meme
meme - meme_tmplimage60.jpg	meme
meme - meme_tmplimage48.jpg	meme
meme - meme_tmplimage61.jpg	meme
meme - meme_tmplimage12.jpg	meme
meme - meme_tmplimage39.jpg	meme
meme - meme_tmplimage11.jpg	meme
meme - meme_tmplimage10.jpg	meme
meme - meme_tmplimage14.jpg	meme
meme - meme_tmplimage29.jpg	meme
meme - meme_tmplimage15.jpg	meme
meme - meme_tmplimage17.jpg	meme
meme - meme_tmplimage16.jpg	meme
meme - meme_tmplimage32.jpg	meme
meme - meme_tmplimage18.jpg	meme
meme - meme_tmplimage24.jpg	meme
meme - meme_tmplimage30.jpg	meme
meme - meme_tmplimage31.jpg	meme
meme - meme_tmplimage25.jpg	meme
meme - meme_tmplimage19.jpg	meme
meme - meme_tmplimage21.jpg	meme
meme - meme_tmplimage35.jpg	meme
meme - meme_tmplimage34.jpg	meme
meme - meme_tmplimage20.jpg	meme
meme - meme_tmplimage36.jpg	meme
meme - meme_tmplimage22.jpg	meme
meme - meme_tmplimage50.jpg	meme
meme - meme_tmplimage44.jpg	meme
meme - meme_tmplimage45.jpg	meme
meme - meme_tmplimage51.jpg	meme
meme - meme_tmplimage47.jpg	meme
meme - meme_tmplimage53.jpg	meme
meme - meme_tmplimage3.jpg	meme
meme - meme_tmplimage52.jpg	meme
meme - meme_tmplimage2.jpg	meme
meme - meme_tmplimage46.jpg	meme
meme - meme_tmplimage42.jpg	meme
meme - meme_tmplimage6.jpg	meme
meme - meme_tmplimage56.jpg	meme
meme - meme_tmplimage7.jpg	meme
meme - meme_tmplimage57.jpg	meme
meme - meme_tmplimage55.jpg	meme
meme - meme_tmplimage41.jpg	meme
meme - meme_tmplimage69.jpg	meme
meme - meme_tmplimage40.jpg	meme
meme - meme_tmplimage54.jpg	meme
meme - meme_tmplimage4.jpg	meme
person - person_phtimage4.jpg	person
person - person_phtimage33.jpg	person
person - person_phtimage27.jpg	person
person - person_phtimage26.jpg	person
person - person_phtimage32.jpg	person
person - person_phtimage5.jpg	person
person - person_phtimage7.jpg	person
person - person_phtimage18.jpg	person
person - person_phtimage30.jpg	person
person - person_phtimage31.jpg	person
person - person_phtimage6.jpg	person
person - person_phtimage2.jpg	person
person - person_phtimage21.jpg	person
person - person_phtimage35.jpg	person
person - person_phtimage34.jpg	person
person - person_phtimage20.jpg	person
person - person_phtimage3.jpg	person
person - person_phtimage1.jpg	person
person - person_phtimage22.jpg	person
person - person_phtimage23.jpg	person
person - person_phtimage37.jpg	person
person - person_phtimage78.jpg	person
person - person_phtimage50.jpg	person
person - person_phtimage93.jpg	person
person - person_phtimage87.jpg	person
person - person_phtimage92.jpg	person
person - person_phtimage45.jpg	person
person - person_phtimage51.jpg	person
person - person_phtimage79.jpg	person
person - person_phtimage47.jpg	person
person - person_phtimage90.jpg	person
person - person_phtimage85.jpg	person
person - person_phtimage52.jpg	person
person - person_phtimage42.jpg	person
person - person_phtimage56.jpg	person
person - person_phtimage81.jpg	person
person - person_phtimage95.jpg	person
person - person_phtimage94.jpg	person
person - person_phtimage80.jpg	person
person - person_phtimage57.jpg	person
person - person_phtimage43.jpg	person
person - person_phtimage55.jpg	person
person - person_phtimage69.jpg	person
person - person_phtimage96.jpg	person
person - person_phtimage82.jpg	person
person - person_phtimage83.jpg	person
person - person_phtimage97.jpg	person
person - person_phtimage68.jpg	person
person - person_phtimage40.jpg	person
person - person_phtimage54.jpg	person
person - person_phtimage104.jpg	person
person - person_phtimage59.jpg	person
person - person_phtimage71.jpg	person
person - person_phtimage65.jpg	person
person - person_phtimage64.jpg	person
person - person_phtimage70.jpg	person
person - person_phtimage105.jpg	person
person - person_phtimage66.jpg	person
person - person_phtimage72.jpg	person
person - person_phtimage99.jpg	person
person - person_phtimage98.jpg	person
person - person_phtimage67.jpg	person
person - person_phtimage106.jpg	person
person - person_phtimage102.jpg	person
person - person_phtimage77.jpg	person
person - person_phtimage88.jpg	person
person - person_phtimage89.jpg	person
person - person_phtimage76.jpg	person
person - person_phtimage62.jpg	person
person - person_phtimage103.jpg	person
person - person_phtimage74.jpg	person
person - person_phtimage60.jpg	person
person - person_phtimage49.jpg	person
person - person_phtimage61.jpg	person
person - person_phtimage75.jpg	person
person - person_phtimage100.jpg	person
person - person_phtimage12.jpg	person
person - person_phtimage13.jpg	person
person - person_phtimage39.jpg	person
person - person_phtimage11.jpg	person
person - person_phtimage10.jpg	person
person - person_phtimage38.jpg	person
person - person_phtimage14.jpg	person
person - person_phtimage28.jpg	person
person - person_phtimage8.jpg	person
person - person_phtimage17.jpg	person
person - person_phtimage16.jpg	person
person - person_phtimage9.jpg	person
momo - momo_terror_image13.jpg	momo
momo - momo_terror_image12.jpg	momo
momo - momo_terror_image38.jpg	momo
momo - momo_terror_image10.jpg	momo
momo - momo_gameimage9.jpg	momo
momo - momo_videoimage8.jpg	momo
momo - momo_gameimage8.jpg	momo
momo - momo_terror_image11.jpg	momo
momo - momo_terror_image15.jpg	momo
momo - momo_terror_image29.jpg	momo
momo - momo_terror_image28.jpg	momo
momo - momo_terror_image14.jpg	momo
momo - momo_terror_image16.jpg	momo
momo - momo_terror_image17.jpg	momo
momo - momo_image17.jpg	momo
momo - momo_image8.jpg	momo
momo - momo_wspimage3.jpg	momo
momo - momo_noticiasimage3.jpg	momo
momo - momo_noticiasimage2.jpg	momo
momo - momo_wspimage2.jpg	momo
momo - momo_image9.jpg	momo
momo - momo_image16.jpg	momo
momo - momo_image14.jpg	momo
momo - momo_historiaimage9.jpg	momo
momo - momo_historiaimage8.jpg	momo
momo - momo_noticiasimage1.jpg	momo
momo - momo_image15.jpg	momo
momo - momo_image39.jpg	momo
momo - momo_image11.jpg	momo
momo - momo_noticiasimage5.jpg	momo
momo - momo_wspimage4.jpg	momo
momo - momo_noticiasimage4.jpg	momo
momo - momo_image10.jpg	momo
momo - momo_image38.jpg	momo
momo - momo_juegoimage8.jpg	momo
momo - momo_image12.jpg	momo
momo - momo_wspimage6.jpg	momo
momo - momo_noticiasimage6.jpg	momo
momo - momo_noticiasimage7.jpg	momo
momo - momo_terror_image8.jpg	momo
momo - momo_image22.jpg	momo
momo - momo_juegoimage6.jpg	momo
momo - momo_terror_image5.jpg	momo
momo - momo_juegoimage14.jpg	momo
momo - momo_historiaimage2.jpg	momo
momo - momo_terror_image4.jpg	momo
momo - momo_image23.jpg	momo
momo - momo_historiaimage10.jpg	momo
momo - momo_image35.jpg	momo
momo - momo_image21.jpg	momo
momo - momo_terror_image6.jpg	momo
momo - momo_wspimage9.jpg	momo
momo - momo_noticiasimage9.jpg	momo
momo - momo_historiaimage1.jpg	momo
momo - momo_wspimage8.jpg	momo
momo - momo_terror_image7.jpg	momo
momo - momo_image34.jpg	momo
momo - momo_juegoimage4.jpg	momo
momo - momo_image18.jpg	momo
momo - momo_image30.jpg	momo
momo - momo_image24.jpg	momo
momo - momo_image7.jpg	momo
momo - momo_terror_image3.jpg	momo
momo - momo_historiaimage5.jpg	momo
momo - momo_historiaimage4.jpg	momo
momo - momo_image6.jpg	momo
momo - momo_image25.jpg	momo
momo - momo_image31.jpg	momo
momo - momo_image27.jpg	momo
momo - momo_image33.jpg	momo
momo - momo_image4.jpg	momo
momo - momo_historiaimage6.jpg	momo
momo - momo_historiaimage7.jpg	momo
momo - momo_terror_image1.jpg	momo
momo - momo_image5.jpg	momo
momo - momo_image32.jpg	momo
momo - momo_juegoimage2.jpg	momo
momo - momo_image26.jpg	momo
momo - momo_image41.jpg	momo
momo - momo_terror_image26.jpg	momo
momo - momo_gameimage3.jpg	momo
momo - momo_videoimage3.jpg	momo
momo - momo_gameimage2.jpg	momo
momo - momo_terror_image33.jpg	momo
momo - momo_terror_image27.jpg	momo
momo - momo_image42.jpg	momo
momo - momo_terror_image19.jpg	momo
momo - momo_terror_image31.jpg	momo
momo - momo_terror_image25.jpg	momo
momo - momo_videoimage1.jpg	momo
momo - momo_gameimage1.jpg	momo
momo - momo_terror_image24.jpg	momo
momo - momo_terror_image30.jpg	momo
momo - momo_terror_image18.jpg	momo
momo - momo_image43.jpg	momo
momo - momo_terror_image34.jpg	momo
momo - momo_terror_image20.jpg	momo
momo - momo_gameimage5.jpg	momo
momo - momo_videoimage4.jpg	momo
momo - momo_videoimage5.jpg	momo
momo - momo_gameimage12.jpg	momo
momo - momo_gameimage4.jpg	momo
momo - momo_terror_image21.jpg	momo
momo - momo_terror_image35.jpg	momo
momo - momo_image44.jpg	momo
momo - momo_terror_image37.jpg	momo
momo - momo_gameimage6.jpg	momo
momo - momo_videoimage7.jpg	momo
momo - momo_gameimage10.jpg	momo
momo - momo_gameimage11.jpg	momo
momo - momo_videoimage6.jpg	momo
momo - momo_gameimage7.jpg	momo
momo - momo_terror_image22.jpg	momo
